mean_fit_time,std_fit_time,mean_score_time,std_score_time,param_colsample_bytree,param_learning_rate,param_max_depth,param_min_child_weight,param_subsample,params,split0_test_score,split1_test_score,split2_test_score,mean_test_score,std_test_score,rank_test_score
1.886758804321289,0.04341985988833884,0.015859524408976238,0.002023721789146962,0.7,0.01,3,1,0.7,"{'colsample_bytree': 0.7, 'learning_rate': 0.01, 'max_depth': 3, 'min_child_weight': 1, 'subsample': 0.7}",0.5482416591523895,0.5383228133453561,0.5333935018050542,0.5399859914342666,0.00617476397224386,5
1.8791510264078777,0.09590949962795363,0.015708525975545246,0.004398054326023437,0.7,0.01,3,1,0.8,"{'colsample_bytree': 0.7, 'learning_rate': 0.01, 'max_depth': 3, 'min_child_weight': 1, 'subsample': 0.8}",0.5446348061316502,0.5383228133453561,0.5388086642599278,0.5405887612456447,0.0028678531101941906,3
1.7567455768585205,0.04746324169331677,0.024019161860148113,0.013380989661132528,0.7,0.01,3,1,0.9,"{'colsample_bytree': 0.7, 'learning_rate': 0.01, 'max_depth': 3, 'min_child_weight': 1, 'subsample': 0.9}",0.5446348061316502,0.5365193868349865,0.5397111913357401,0.5402884614341256,0.0033381569930160467,4
1.8958384990692139,0.022956837151476332,0.016634066899617512,0.00043655044422566077,0.7,0.01,3,3,0.7,"{'colsample_bytree': 0.7, 'learning_rate': 0.01, 'max_depth': 3, 'min_child_weight': 3, 'subsample': 0.7}",0.545536519386835,0.5383228133453561,0.5333935018050542,0.5390842781790818,0.00498652120003583,21
1.806852658589681,0.0475185329557038,0.01587049166361491,0.004397489783107849,0.7,0.01,3,3,0.8,"{'colsample_bytree': 0.7, 'learning_rate': 0.01, 'max_depth': 3, 'min_child_weight': 3, 'subsample': 0.8}",0.5410279531109107,0.5365193868349865,0.5388086642599278,0.538785334735275,0.0018406883976999275,24
1.7642914454142253,0.040463408781818026,0.016719897588094074,0.004531036202829697,0.7,0.01,3,3,0.9,"{'colsample_bytree': 0.7, 'learning_rate': 0.01, 'max_depth': 3, 'min_child_weight': 3, 'subsample': 0.9}",0.5446348061316502,0.5347159603246168,0.5370036101083032,0.53878479218819,0.004240702201067529,25
1.7916022936503093,0.028157204441259766,0.016347646713256836,0.003289055120676474,0.7,0.01,3,5,0.7,"{'colsample_bytree': 0.7, 'learning_rate': 0.01, 'max_depth': 3, 'min_child_weight': 5, 'subsample': 0.7}",0.5473399458972047,0.5374211000901713,0.5333935018050542,0.5393848492641434,0.005860492517276287,15
1.7849454879760742,0.07849833613487249,0.012862523396809896,0.0002367278657060156,0.7,0.01,3,5,0.8,"{'colsample_bytree': 0.7, 'learning_rate': 0.01, 'max_depth': 3, 'min_child_weight': 5, 'subsample': 0.8}",0.5437330928764653,0.5365193868349865,0.5370036101083032,0.5390853632732516,0.003292381194317856,19
1.7609279950459797,0.09516931475569029,0.013663132985432943,0.00047277573964937087,0.7,0.01,3,5,0.9,"{'colsample_bytree': 0.7, 'learning_rate': 0.01, 'max_depth': 3, 'min_child_weight': 5, 'subsample': 0.9}",0.545536519386835,0.5356176735798016,0.5370036101083032,0.5393859343583133,0.004385770716006137,13
2.4074395497639975,0.09214210902780248,0.02020994822184245,0.0019923480513257003,0.7,0.01,4,1,0.7,"{'colsample_bytree': 0.7, 'learning_rate': 0.01, 'max_depth': 4, 'min_child_weight': 1, 'subsample': 0.7}",0.5437330928764653,0.5320108205590622,0.5424187725631769,0.5393875619995682,0.0052436688925178295,11
2.525357723236084,0.09801487834024356,0.018123547236124676,0.00037788165629294994,0.7,0.01,4,1,0.8,"{'colsample_bytree': 0.7, 'learning_rate': 0.01, 'max_depth': 4, 'min_child_weight': 1, 'subsample': 0.8}",0.5446348061316502,0.527502254283138,0.5388086642599278,0.5369819082249053,0.007112611401311874,49
2.5541932582855225,0.05686552193544209,0.023227373758951824,0.0010146322625326886,0.7,0.01,4,1,0.9,"{'colsample_bytree': 0.7, 'learning_rate': 0.01, 'max_depth': 4, 'min_child_weight': 1, 'subsample': 0.9}",0.5410279531109107,0.5311091073038774,0.5342960288808665,0.5354776964318848,0.004134660742775458,73
2.4593212604522705,0.015938721696860968,0.020890076955159504,0.000797198534391174,0.7,0.01,4,3,0.7,"{'colsample_bytree': 0.7, 'learning_rate': 0.01, 'max_depth': 4, 'min_child_weight': 3, 'subsample': 0.7}",0.5428313796212805,0.5320108205590622,0.5442238267148014,0.5396886756317147,0.0054587435132122455,6
2.2551019191741943,0.05051057337013968,0.017435868581136067,0.0013002685313409513,0.7,0.01,4,3,0.8,"{'colsample_bytree': 0.7, 'learning_rate': 0.01, 'max_depth': 4, 'min_child_weight': 3, 'subsample': 0.8}",0.5482416591523895,0.5284039675383229,0.5379061371841155,0.5381839212916093,0.00810108532446877,35
2.431731621424357,0.05179313154338894,0.01906132698059082,0.0007909348217792181,0.7,0.01,4,3,0.9,"{'colsample_bytree': 0.7, 'learning_rate': 0.01, 'max_depth': 4, 'min_child_weight': 3, 'subsample': 0.9}",0.5419296663660956,0.5293056807935077,0.5333935018050542,0.5348762829882192,0.005259292282052668,84
2.515007495880127,0.13542940549750493,0.05638440450032552,0.026464231816807137,0.7,0.01,4,5,0.7,"{'colsample_bytree': 0.7, 'learning_rate': 0.01, 'max_depth': 4, 'min_child_weight': 5, 'subsample': 0.7}",0.5419296663660956,0.5311091073038774,0.5406137184115524,0.5378841640271751,0.004820717440222154,40
2.6724236011505127,0.09088885182990701,0.020017306009928387,0.0018578053956094993,0.7,0.01,4,5,0.8,"{'colsample_bytree': 0.7, 'learning_rate': 0.01, 'max_depth': 4, 'min_child_weight': 5, 'subsample': 0.8}",0.5509467989179441,0.5302073940486925,0.5370036101083032,0.5393859343583133,0.008632779784319105,13
2.1702804565429688,0.058216767908695205,0.018178860346476238,8.412411483986717e-05,0.7,0.01,4,5,0.9,"{'colsample_bytree': 0.7, 'learning_rate': 0.01, 'max_depth': 4, 'min_child_weight': 5, 'subsample': 0.9}",0.5419296663660956,0.5320108205590622,0.5324909747292419,0.5354771538847999,0.00456682420636361,75
3.140280326207479,0.14991795745072492,0.02723828951517741,0.005046194861615242,0.7,0.01,5,1,0.7,"{'colsample_bytree': 0.7, 'learning_rate': 0.01, 'max_depth': 5, 'min_child_weight': 1, 'subsample': 0.7}",0.5410279531109107,0.5365193868349865,0.5397111913357401,0.5390861770938792,0.0018929297518216071,18
3.182122548421224,0.07032433136312186,0.023218234380086262,0.0016298575444139765,0.7,0.01,5,1,0.8,"{'colsample_bytree': 0.7, 'learning_rate': 0.01, 'max_depth': 5, 'min_child_weight': 1, 'subsample': 0.8}",0.5428313796212805,0.5320108205590622,0.5379061371841155,0.5375827791214861,0.004423388213593655,44
3.1267167727152505,0.14631459433892105,0.02767833073933919,0.002520085030219505,0.7,0.01,5,1,0.9,"{'colsample_bytree': 0.7, 'learning_rate': 0.01, 'max_depth': 5, 'min_child_weight': 1, 'subsample': 0.9}",0.5383228133453561,0.5356176735798016,0.5351985559566786,0.5363796809606122,0.0013846148667851694,60
3.0915157794952393,0.172707147575627,0.03663714726765951,0.0023725807702707955,0.7,0.01,5,3,0.7,"{'colsample_bytree': 0.7, 'learning_rate': 0.01, 'max_depth': 5, 'min_child_weight': 3, 'subsample': 0.7}",0.545536519386835,0.5329125338142471,0.5433212996389891,0.5405901176133571,0.005503681760244908,1
3.0835436979929605,0.0685797673489495,0.029686927795410156,0.0075822188549048665,0.7,0.01,5,3,0.8,"{'colsample_bytree': 0.7, 'learning_rate': 0.01, 'max_depth': 5, 'min_child_weight': 3, 'subsample': 0.8}",0.5428313796212805,0.5320108205590622,0.5397111913357401,0.5381844638386943,0.0045474752879970035,33
3.2111311753590903,0.18237530448433237,0.0274202823638916,0.005084875363311063,0.7,0.01,5,3,0.9,"{'colsample_bytree': 0.7, 'learning_rate': 0.01, 'max_depth': 5, 'min_child_weight': 3, 'subsample': 0.9}",0.5356176735798016,0.5383228133453561,0.5361010830324909,0.5366805233192163,0.0011779243247357692,55
3.371614853541056,0.08470744524194881,0.02638689676920573,0.0038402460497532305,0.7,0.01,5,5,0.7,"{'colsample_bytree': 0.7, 'learning_rate': 0.01, 'max_depth': 5, 'min_child_weight': 5, 'subsample': 0.7}",0.5437330928764653,0.5347159603246168,0.5433212996389891,0.5405901176133571,0.004157057156792,1
3.1347246170043945,0.06717037735859872,0.028014659881591797,0.007895965558583165,0.7,0.01,5,5,0.8,"{'colsample_bytree': 0.7, 'learning_rate': 0.01, 'max_depth': 5, 'min_child_weight': 5, 'subsample': 0.8}",0.545536519386835,0.5293056807935077,0.5406137184115524,0.5384853061972984,0.006794980219544423,27
3.301877975463867,0.24361380105936026,0.02266661326090495,0.0009446938063745923,0.7,0.01,5,5,0.9,"{'colsample_bytree': 0.7, 'learning_rate': 0.01, 'max_depth': 5, 'min_child_weight': 5, 'subsample': 0.9}",0.5419296663660956,0.5302073940486925,0.5370036101083032,0.5363802235076971,0.0048058558177290385,58
1.9497370719909668,0.1045688953525308,0.015842278798421223,0.0012043330322324887,0.7,0.05,3,1,0.7,"{'colsample_bytree': 0.7, 'learning_rate': 0.05, 'max_depth': 3, 'min_child_weight': 1, 'subsample': 0.7}",0.539224526600541,0.5374211000901713,0.5379061371841155,0.5381839212916093,0.0007619972888657479,35
1.9596229394276936,0.1298682022270676,0.016625086466471355,0.003671959673372287,0.7,0.05,3,1,0.8,"{'colsample_bytree': 0.7, 'learning_rate': 0.05, 'max_depth': 3, 'min_child_weight': 1, 'subsample': 0.8}",0.5383228133453561,0.5338142470694319,0.5306859205776173,0.5342743269974685,0.003134675734598606,94
1.9184706211090088,0.04986982130913461,0.017368237177530926,0.004751527266348583,0.7,0.05,3,1,0.9,"{'colsample_bytree': 0.7, 'learning_rate': 0.05, 'max_depth': 3, 'min_child_weight': 1, 'subsample': 0.9}",0.5329125338142471,0.5365193868349865,0.5342960288808665,0.5345759831767,0.001485738421149772,88
1.8497873147328694,0.13114058398363723,0.0282439390818278,0.010601660552930159,0.7,0.05,3,3,0.7,"{'colsample_bytree': 0.7, 'learning_rate': 0.05, 'max_depth': 3, 'min_child_weight': 3, 'subsample': 0.7}",0.5410279531109107,0.539224526600541,0.5306859205776173,0.536979466763023,0.004510700572745641,53
1.8233773708343506,0.1515468843214252,0.019837141036987305,0.005673304570768326,0.7,0.05,3,3,0.8,"{'colsample_bytree': 0.7, 'learning_rate': 0.05, 'max_depth': 3, 'min_child_weight': 3, 'subsample': 0.8}",0.5401262398557258,0.5329125338142471,0.5333935018050542,0.5354774251583424,0.0032930675790212843,74
1.8267936706542969,0.18755478326646083,0.018197298049926758,0.0050044405888897145,0.7,0.05,3,3,0.9,"{'colsample_bytree': 0.7, 'learning_rate': 0.05, 'max_depth': 3, 'min_child_weight': 3, 'subsample': 0.9}",0.5374211000901713,0.5365193868349865,0.5315884476534296,0.5351763115261958,0.002563571346873935,80
2.112189610799154,0.1421113112943719,0.01618218421936035,0.0024147206086004877,0.7,0.05,3,5,0.7,"{'colsample_bytree': 0.7, 'learning_rate': 0.05, 'max_depth': 3, 'min_child_weight': 5, 'subsample': 0.7}",0.5365193868349865,0.5347159603246168,0.5324909747292419,0.534575440629615,0.001647591244198606,89
1.876554807027181,0.23864291354936493,0.01572895050048828,0.0025211162719151843,0.7,0.05,3,5,0.8,"{'colsample_bytree': 0.7, 'learning_rate': 0.05, 'max_depth': 3, 'min_child_weight': 5, 'subsample': 0.8}",0.5374211000901713,0.5383228133453561,0.5333935018050542,0.5363791384135271,0.002143018302462635,62
1.7208587328592937,0.10037273402148418,0.01834877332051595,0.006131200662313932,0.7,0.05,3,5,0.9,"{'colsample_bytree': 0.7, 'learning_rate': 0.05, 'max_depth': 3, 'min_child_weight': 5, 'subsample': 0.9}",0.5347159603246168,0.5383228133453561,0.5306859205776173,0.5345748980825301,0.003119343595864604,90
2.6015637715657554,0.33789872184771425,0.020862023035685223,0.00264983050529374,0.7,0.05,4,1,0.7,"{'colsample_bytree': 0.7, 'learning_rate': 0.05, 'max_depth': 4, 'min_child_weight': 1, 'subsample': 0.7}",0.5284039675383229,0.5356176735798016,0.5225631768953068,0.5288616060044772,0.005339291191762518,140
2.495189984639486,0.25065812587534514,0.017514705657958984,0.0004093609280006042,0.7,0.05,4,1,0.8,"{'colsample_bytree': 0.7, 'learning_rate': 0.05, 'max_depth': 4, 'min_child_weight': 1, 'subsample': 0.8}",0.5356176735798016,0.5302073940486925,0.526173285198556,0.5306661176090167,0.003869275423344717,127
2.5627481937408447,0.11281125211392913,0.020730098088582356,0.006297281992028018,0.7,0.05,4,1,0.9,"{'colsample_bytree': 0.7, 'learning_rate': 0.05, 'max_depth': 4, 'min_child_weight': 1, 'subsample': 0.9}",0.5266005410279531,0.5320108205590622,0.5379061371841155,0.532172499590377,0.004616905976476304,115
2.4853856563568115,0.14192353007967037,0.021330833435058594,0.0010409077933209755,0.7,0.05,4,3,0.7,"{'colsample_bytree': 0.7, 'learning_rate': 0.05, 'max_depth': 4, 'min_child_weight': 3, 'subsample': 0.7}",0.527502254283138,0.5293056807935077,0.5171480144404332,0.5246519831723596,0.005356942339424178,172
2.3917109966278076,0.042066694122417224,0.02468729019165039,0.006047593589936762,0.7,0.05,4,3,0.8,"{'colsample_bytree': 0.7, 'learning_rate': 0.05, 'max_depth': 4, 'min_child_weight': 3, 'subsample': 0.8}",0.5311091073038774,0.5302073940486925,0.5270758122743683,0.5294641045423126,0.0017284341018171093,132
2.4390527407328286,0.20290029024162975,0.02252848943074544,0.0025198447205648567,0.7,0.05,4,3,0.9,"{'colsample_bytree': 0.7, 'learning_rate': 0.05, 'max_depth': 4, 'min_child_weight': 3, 'subsample': 0.9}",0.5320108205590622,0.5311091073038774,0.5306859205776173,0.5312686161468524,0.0005525228764184543,123
2.3225680192311606,0.08300341054062184,0.0289608637491862,0.008092238564840528,0.7,0.05,4,5,0.7,"{'colsample_bytree': 0.7, 'learning_rate': 0.05, 'max_depth': 4, 'min_child_weight': 5, 'subsample': 0.7}",0.5338142470694319,0.5329125338142471,0.5315884476534296,0.532771742845703,0.0009141160876995786,110
2.730475425720215,0.289137636866402,0.03139336903889974,0.009563122507983909,0.7,0.05,4,5,0.8,"{'colsample_bytree': 0.7, 'learning_rate': 0.05, 'max_depth': 4, 'min_child_weight': 5, 'subsample': 0.8}",0.5329125338142471,0.5320108205590622,0.5288808664259927,0.5312680735997674,0.0017276844361813156,124
2.808267911275228,0.4654058381400453,0.024858633677164715,0.005982254967710294,0.7,0.05,4,5,0.9,"{'colsample_bytree': 0.7, 'learning_rate': 0.05, 'max_depth': 4, 'min_child_weight': 5, 'subsample': 0.9}",0.5320108205590622,0.5320108205590622,0.5306859205776173,0.5315691872319139,0.0006245638408490874,120
3.296897570292155,0.6534881973720039,0.022038936614990234,7.549779455618994e-05,0.7,0.05,5,1,0.7,"{'colsample_bytree': 0.7, 'learning_rate': 0.05, 'max_depth': 5, 'min_child_weight': 1, 'subsample': 0.7}",0.521190261496844,0.5266005410279531,0.5225631768953068,0.523451326473368,0.0022962851747902217,180
2.8099242051442466,0.056418608677091496,0.024062474568684895,0.003916569801253731,0.7,0.05,5,1,0.8,"{'colsample_bytree': 0.7, 'learning_rate': 0.05, 'max_depth': 5, 'min_child_weight': 1, 'subsample': 0.8}",0.5238954012623985,0.5347159603246168,0.5135379061371841,0.5240497559080665,0.008646593310236435,178
3.2214646339416504,0.33798301655944535,0.02503824234008789,0.002930080828034099,0.7,0.05,5,1,0.9,"{'colsample_bytree': 0.7, 'learning_rate': 0.05, 'max_depth': 5, 'min_child_weight': 1, 'subsample': 0.9}",0.5293056807935077,0.5284039675383229,0.5288808664259927,0.5288635049192744,0.0003683275399972686,134
3.4303131103515625,0.37318295045684086,0.026446104049682617,0.006508767377487567,0.7,0.05,5,3,0.7,"{'colsample_bytree': 0.7, 'learning_rate': 0.05, 'max_depth': 5, 'min_child_weight': 3, 'subsample': 0.7}",0.5229936880072137,0.5256988277727682,0.5135379061371841,0.5207434739723886,0.005213418658206097,200
3.2969138622283936,0.17836735229843695,0.03188673655192057,0.005125239087913976,0.7,0.05,5,3,0.8,"{'colsample_bytree': 0.7, 'learning_rate': 0.05, 'max_depth': 5, 'min_child_weight': 3, 'subsample': 0.8}",0.5247971145175834,0.5347159603246168,0.5144404332129964,0.5246511693517322,0.008278092570437143,174
3.2572504679361978,0.03397907444088701,0.027678648630777996,0.006601104935507807,0.7,0.05,5,3,0.9,"{'colsample_bytree': 0.7, 'learning_rate': 0.05, 'max_depth': 5, 'min_child_weight': 3, 'subsample': 0.9}",0.5266005410279531,0.5365193868349865,0.5234657039711191,0.5288618772780196,0.005563864981857151,139
3.051607290903727,0.2938893721042356,0.02521665891011556,0.000871570725297434,0.7,0.05,5,5,0.7,"{'colsample_bytree': 0.7, 'learning_rate': 0.05, 'max_depth': 5, 'min_child_weight': 5, 'subsample': 0.7}",0.5202885482416592,0.5302073940486925,0.5225631768953068,0.5243530397285528,0.004242529297270874,175
3.0449177424112954,0.15244455515203553,0.025597413380940754,0.0033175637088817956,0.7,0.05,5,5,0.8,"{'colsample_bytree': 0.7, 'learning_rate': 0.05, 'max_depth': 5, 'min_child_weight': 5, 'subsample': 0.8}",0.5284039675383229,0.5419296663660956,0.5234657039711191,0.5312664459585125,0.0078049050329612275,125
3.204370101292928,0.1590358401696583,0.025607188542683918,0.002527897544008359,0.7,0.05,5,5,0.9,"{'colsample_bytree': 0.7, 'learning_rate': 0.05, 'max_depth': 5, 'min_child_weight': 5, 'subsample': 0.9}",0.5266005410279531,0.5266005410279531,0.51985559566787,0.5243522259079253,0.0031795977352316552,176
1.8906668821970622,0.059721198059819604,0.01353144645690918,0.00037688258998239404,0.7,0.1,3,1,0.7,"{'colsample_bytree': 0.7, 'learning_rate': 0.1, 'max_depth': 3, 'min_child_weight': 1, 'subsample': 0.7}",0.5175834084761046,0.5284039675383229,0.51985559566787,0.5219476572274324,0.004658588182521083,193
1.908220688501994,0.09955089347205476,0.01434024175008138,0.000943375697764981,0.7,0.1,3,1,0.8,"{'colsample_bytree': 0.7, 'learning_rate': 0.1, 'max_depth': 3, 'min_child_weight': 1, 'subsample': 0.8}",0.5302073940486925,0.5302073940486925,0.5180505415162455,0.5261551098712102,0.005730795242385431,161
1.930315335591634,0.06796044661671123,0.01500097910563151,0.0014156858820013765,0.7,0.1,3,1,0.9,"{'colsample_bytree': 0.7, 'learning_rate': 0.1, 'max_depth': 3, 'min_child_weight': 1, 'subsample': 0.9}",0.5284039675383229,0.5401262398557258,0.5324909747292419,0.5336737273744302,0.0048581268636936565,100
1.641748587290446,0.051555665534110055,0.018202702204386394,0.006226825831487351,0.7,0.1,3,3,0.7,"{'colsample_bytree': 0.7, 'learning_rate': 0.1, 'max_depth': 3, 'min_child_weight': 3, 'subsample': 0.7}",0.5193868349864743,0.5329125338142471,0.5225631768953068,0.5249541818986762,0.005774877250614997,170
1.698372522989909,0.0864278726247102,0.015011151631673178,0.0029890865549778755,0.7,0.1,3,3,0.8,"{'colsample_bytree': 0.7, 'learning_rate': 0.1, 'max_depth': 3, 'min_child_weight': 3, 'subsample': 0.8}",0.5256988277727682,0.5320108205590622,0.509927797833935,0.5225458153885886,0.009286947417054898,189
1.6283434232076008,0.08919431493945747,0.014378229777018229,0.0010206300019057401,0.7,0.1,3,3,0.9,"{'colsample_bytree': 0.7, 'learning_rate': 0.1, 'max_depth': 3, 'min_child_weight': 3, 'subsample': 0.9}",0.5247971145175834,0.5374211000901713,0.51985559566787,0.5273579367585416,0.007396174430736082,149
1.6574219067891438,0.0826124741060466,0.013863563537597656,0.0004658099086737061,0.7,0.1,3,5,0.7,"{'colsample_bytree': 0.7, 'learning_rate': 0.1, 'max_depth': 3, 'min_child_weight': 5, 'subsample': 0.7}",0.527502254283138,0.5302073940486925,0.5234657039711191,0.5270584507676498,0.0027701164170220553,151
1.737216631571452,0.11840267499308745,0.016955216725667317,0.006218984172956994,0.7,0.1,3,5,0.8,"{'colsample_bytree': 0.7, 'learning_rate': 0.1, 'max_depth': 3, 'min_child_weight': 5, 'subsample': 0.8}",0.5256988277727682,0.5293056807935077,0.5153429602888087,0.5234491562850282,0.005918060342440396,185
1.7125344276428223,0.08485453893703901,0.014497200647989908,0.000394871666141509,0.7,0.1,3,5,0.9,"{'colsample_bytree': 0.7, 'learning_rate': 0.1, 'max_depth': 3, 'min_child_weight': 5, 'subsample': 0.9}",0.5347159603246168,0.5338142470694319,0.5225631768953068,0.5303644614297851,0.005528610554172548,129
2.341308355331421,0.14518155076273476,0.019660472869873047,0.001700862079334536,0.7,0.1,4,1,0.7,"{'colsample_bytree': 0.7, 'learning_rate': 0.1, 'max_depth': 4, 'min_child_weight': 1, 'subsample': 0.7}",0.5202885482416592,0.5284039675383229,0.5,0.5162308385933273,0.011945573759686013,221
2.316082795461019,0.07744664508245368,0.019887606302897137,0.002451010569932613,0.7,0.1,4,1,0.8,"{'colsample_bytree': 0.7, 'learning_rate': 0.1, 'max_depth': 4, 'min_child_weight': 1, 'subsample': 0.8}",0.5202885482416592,0.527502254283138,0.5117328519855595,0.519841218170119,0.006445597482023252,203
2.362908045450846,0.05834329983595166,0.023020823796590168,0.002474759174112451,0.7,0.1,4,1,0.9,"{'colsample_bytree': 0.7, 'learning_rate': 0.1, 'max_depth': 4, 'min_child_weight': 1, 'subsample': 0.9}",0.5094679891794409,0.5338142470694319,0.5126353790613718,0.5186392051034149,0.010808006713198735,209
2.432398875554403,0.080013289446467,0.01994911829630534,0.00015924699364149928,0.7,0.1,4,3,0.7,"{'colsample_bytree': 0.7, 'learning_rate': 0.1, 'max_depth': 4, 'min_child_weight': 3, 'subsample': 0.7}",0.5247971145175834,0.5202885482416592,0.5171480144404332,0.5207445590665586,0.003139335641170348,199
2.2865986029307046,0.12259533695864293,0.02127361297607422,0.0031369380363638275,0.7,0.1,4,3,0.8,"{'colsample_bytree': 0.7, 'learning_rate': 0.1, 'max_depth': 4, 'min_child_weight': 3, 'subsample': 0.8}",0.521190261496844,0.5356176735798016,0.5063176895306859,0.5210418748691105,0.01196212858045692,198
2.2184985478719077,0.07085383953246753,0.018253087997436523,0.0002146214862329246,0.7,0.1,4,3,0.9,"{'colsample_bytree': 0.7, 'learning_rate': 0.1, 'max_depth': 4, 'min_child_weight': 3, 'subsample': 0.9}",0.5103697024346258,0.5320108205590622,0.5216606498194946,0.5213470576043941,0.008837731740553564,196
2.3711429437001548,0.12756856413996512,0.020051240921020508,0.0010822500992650219,0.7,0.1,4,5,0.7,"{'colsample_bytree': 0.7, 'learning_rate': 0.1, 'max_depth': 4, 'min_child_weight': 5, 'subsample': 0.7}",0.521190261496844,0.5247971145175834,0.5126353790613718,0.5195409183585997,0.005100143914144224,207
2.425837834676107,0.040030411441960574,0.025668859481811523,0.004186844182142444,0.7,0.1,4,5,0.8,"{'colsample_bytree': 0.7, 'learning_rate': 0.1, 'max_depth': 4, 'min_child_weight': 5, 'subsample': 0.8}",0.5256988277727682,0.5356176735798016,0.509927797833935,0.523748099728835,0.010578167260464878,179
2.170482635498047,0.12047134251231344,0.01860467592875163,0.00029140800167755756,0.7,0.1,4,5,0.9,"{'colsample_bytree': 0.7, 'learning_rate': 0.1, 'max_depth': 4, 'min_child_weight': 5, 'subsample': 0.9}",0.5202885482416592,0.5383228133453561,0.5171480144404332,0.5252531253424829,0.009330176722459881,168
3.0804851055145264,0.23689115620058487,0.027727444966634113,0.0020751832448374337,0.7,0.1,5,1,0.7,"{'colsample_bytree': 0.7, 'learning_rate': 0.1, 'max_depth': 5, 'min_child_weight': 1, 'subsample': 0.7}",0.5076645626690712,0.5175834084761046,0.5036101083032491,0.5096193598161417,0.005869650946170863,238
3.035694201787313,0.19827004230205134,0.029878854751586914,0.0047494374863405716,0.7,0.1,5,1,0.8,"{'colsample_bytree': 0.7, 'learning_rate': 0.1, 'max_depth': 5, 'min_child_weight': 1, 'subsample': 0.8}",0.5139765554553652,0.5320108205590622,0.5045126353790613,0.516833337131163,0.011406385586029888,218
2.9427433808644614,0.11113979211724077,0.024339834849039715,0.001247218691844883,0.7,0.1,5,1,0.9,"{'colsample_bytree': 0.7, 'learning_rate': 0.1, 'max_depth': 5, 'min_child_weight': 1, 'subsample': 0.9}",0.5076645626690712,0.5347159603246168,0.5117328519855595,0.5180377916597492,0.011909624315401159,210
2.9460438092549643,0.16632745988167816,0.02812512715657552,0.007431208035568826,0.7,0.1,5,3,0.7,"{'colsample_bytree': 0.7, 'learning_rate': 0.1, 'max_depth': 5, 'min_child_weight': 3, 'subsample': 0.7}",0.5139765554553652,0.527502254283138,0.5054151624548736,0.5156313240644589,0.009092619744231308,225
2.7985151608784995,0.15095601828453514,0.024032751719156902,0.0027603377083024057,0.7,0.1,5,3,0.8,"{'colsample_bytree': 0.7, 'learning_rate': 0.1, 'max_depth': 5, 'min_child_weight': 3, 'subsample': 0.8}",0.5238954012623985,0.5329125338142471,0.5045126353790613,0.5204401901519023,0.011848837373227495,201
2.861691951751709,0.03711776868044173,0.025474389394124348,0.0017064673776906502,0.7,0.1,5,3,0.9,"{'colsample_bytree': 0.7, 'learning_rate': 0.1, 'max_depth': 5, 'min_child_weight': 3, 'subsample': 0.9}",0.5112714156898106,0.5193868349864743,0.51985559566787,0.5168379487813849,0.003940782675120933,216
2.8835713068644204,0.13342691477472654,0.0338134765625,0.004470658295801402,0.7,0.1,5,5,0.7,"{'colsample_bytree': 0.7, 'learning_rate': 0.1, 'max_depth': 5, 'min_child_weight': 5, 'subsample': 0.7}",0.5094679891794409,0.5256988277727682,0.5018050541516246,0.5123239570346113,0.009961442959629882,235
2.88236403465271,0.12705858750322535,0.027745882670084637,0.00404426637249294,0.7,0.1,5,5,0.8,"{'colsample_bytree': 0.7, 'learning_rate': 0.1, 'max_depth': 5, 'min_child_weight': 5, 'subsample': 0.8}",0.521190261496844,0.539224526600541,0.4990974729241877,0.5198374203405242,0.016409707362450815,205
2.9151594638824463,0.09928036687230618,0.0230712890625,1.036686824742656e-05,0.7,0.1,5,5,0.9,"{'colsample_bytree': 0.7, 'learning_rate': 0.1, 'max_depth': 5, 'min_child_weight': 5, 'subsample': 0.9}",0.5139765554553652,0.521190261496844,0.5063176895306859,0.5138281688276317,0.006072608619344493,230
1.904148022333781,0.023324480035585304,0.014061927795410156,0.00040970695705583993,0.8,0.01,3,1,0.7,"{'colsample_bytree': 0.8, 'learning_rate': 0.01, 'max_depth': 3, 'min_child_weight': 1, 'subsample': 0.7}",0.5410279531109107,0.5383228133453561,0.5370036101083032,0.53878479218819,0.0016750925325840936,25
1.994167725245158,0.06816362988988837,0.018414974212646484,0.0033406174884861267,0.8,0.01,3,1,0.8,"{'colsample_bytree': 0.8, 'learning_rate': 0.01, 'max_depth': 3, 'min_child_weight': 1, 'subsample': 0.8}",0.5410279531109107,0.5383228133453561,0.5351985559566786,0.5381831074709819,0.00238189085867274,39
1.904382308324178,0.00690897645372665,0.01335604985555013,0.0006046647811323688,0.8,0.01,3,1,0.9,"{'colsample_bytree': 0.8, 'learning_rate': 0.01, 'max_depth': 3, 'min_child_weight': 1, 'subsample': 0.9}",0.5437330928764653,0.5347159603246168,0.5361010830324909,0.5381833787445244,0.003964772918143503,38
1.9270333449045818,0.010791872936890875,0.014702479044596354,0.001704754687493743,0.8,0.01,3,3,0.7,"{'colsample_bytree': 0.8, 'learning_rate': 0.01, 'max_depth': 3, 'min_child_weight': 3, 'subsample': 0.7}",0.5410279531109107,0.5365193868349865,0.5379061371841155,0.538484492376671,0.0018854996707623009,29
1.779020071029663,0.07144869034938015,0.015752236048380535,0.0028702724293865885,0.8,0.01,3,3,0.8,"{'colsample_bytree': 0.8, 'learning_rate': 0.01, 'max_depth': 3, 'min_child_weight': 3, 'subsample': 0.8}",0.5419296663660956,0.5347159603246168,0.5379061371841155,0.5381839212916093,0.0029515263532619023,35
2.016343832015991,0.032592763734187014,0.019250233968098957,0.0036667582063600952,0.8,0.01,3,3,0.9,"{'colsample_bytree': 0.8, 'learning_rate': 0.01, 'max_depth': 3, 'min_child_weight': 3, 'subsample': 0.9}",0.5437330928764653,0.5347159603246168,0.5370036101083032,0.5384842211031285,0.003827211914078766,30
1.8619591395060222,0.13276814083430333,0.014059782028198242,0.0006951923005504095,0.8,0.01,3,5,0.7,"{'colsample_bytree': 0.8, 'learning_rate': 0.01, 'max_depth': 3, 'min_child_weight': 5, 'subsample': 0.7}",0.5401262398557258,0.5401262398557258,0.5370036101083032,0.5390853632732516,0.0014720217796915765,19
1.8608712355295818,0.012285641096150598,0.01437815030415853,0.0018558135901089543,0.8,0.01,3,5,0.8,"{'colsample_bytree': 0.8, 'learning_rate': 0.01, 'max_depth': 3, 'min_child_weight': 5, 'subsample': 0.8}",0.545536519386835,0.5347159603246168,0.5379061371841155,0.5393862056318558,0.004539755981858899,12
1.8377002875010173,0.07666056671309529,0.013686895370483398,0.001015806915513232,0.8,0.01,3,5,0.9,"{'colsample_bytree': 0.8, 'learning_rate': 0.01, 'max_depth': 3, 'min_child_weight': 5, 'subsample': 0.9}",0.5446348061316502,0.5338142470694319,0.5370036101083032,0.5384842211031285,0.004539844438835343,30
2.649470329284668,0.15801102804640835,0.021395444869995117,0.0038698461145451266,0.8,0.01,4,1,0.7,"{'colsample_bytree': 0.8, 'learning_rate': 0.01, 'max_depth': 4, 'min_child_weight': 1, 'subsample': 0.7}",0.5410279531109107,0.5293056807935077,0.5415162454873647,0.5372832931305944,0.005644544936594594,46
2.6770843664805093,0.13126127678785046,0.021373430887858074,0.002074363806599265,0.8,0.01,4,1,0.8,"{'colsample_bytree': 0.8, 'learning_rate': 0.01, 'max_depth': 4, 'min_child_weight': 1, 'subsample': 0.8}",0.539224526600541,0.5311091073038774,0.5351985559566786,0.5351773966203658,0.0033131398379080295,78
2.685238758722941,0.08207396417114927,0.02705979347229004,0.0034634465614159587,0.8,0.01,4,1,0.9,"{'colsample_bytree': 0.8, 'learning_rate': 0.01, 'max_depth': 4, 'min_child_weight': 1, 'subsample': 0.9}",0.5419296663660956,0.5311091073038774,0.5342960288808665,0.5357782675169465,0.004540109993928531,70
2.8220907052357993,0.2003066892029409,0.018533706665039062,0.0007102891092810433,0.8,0.01,4,3,0.7,"{'colsample_bytree': 0.8, 'learning_rate': 0.01, 'max_depth': 4, 'min_child_weight': 3, 'subsample': 0.7}",0.545536519386835,0.5302073940486925,0.5415162454873647,0.539086719640964,0.006489605421331698,17
2.9002898534139,0.04698039440652903,0.01960158348083496,0.0013126990651973656,0.8,0.01,4,3,0.8,"{'colsample_bytree': 0.8, 'learning_rate': 0.01, 'max_depth': 4, 'min_child_weight': 3, 'subsample': 0.8}",0.5446348061316502,0.5320108205590622,0.5342960288808665,0.536980551857193,0.0054921914655897686,52
3.0247182846069336,0.0696082749155555,0.02266542116800944,0.0016964097103819142,0.8,0.01,4,3,0.9,"{'colsample_bytree': 0.8, 'learning_rate': 0.01, 'max_depth': 4, 'min_child_weight': 3, 'subsample': 0.9}",0.5401262398557258,0.5320108205590622,0.5351985559566786,0.5357785387904889,0.003338392093588458,68
2.971219857533773,0.03199192583099269,0.02790093421936035,0.00918641394926292,0.8,0.01,4,5,0.7,"{'colsample_bytree': 0.8, 'learning_rate': 0.01, 'max_depth': 4, 'min_child_weight': 5, 'subsample': 0.7}",0.5419296663660956,0.5293056807935077,0.5388086642599278,0.5366813371398438,0.005368761088687716,54
2.829307238260905,0.15576965398506434,0.02481667200724284,0.0035911411252095176,0.8,0.01,4,5,0.8,"{'colsample_bytree': 0.8, 'learning_rate': 0.01, 'max_depth': 4, 'min_child_weight': 5, 'subsample': 0.8}",0.5428313796212805,0.5311091073038774,0.5379061371841155,0.5372822080364245,0.004805891020878613,47
2.86293625831604,0.01818558969699559,0.02538895606994629,0.006514683360805852,0.8,0.01,4,5,0.9,"{'colsample_bytree': 0.8, 'learning_rate': 0.01, 'max_depth': 4, 'min_child_weight': 5, 'subsample': 0.9}",0.5410279531109107,0.5329125338142471,0.5333935018050542,0.535777996243404,0.003717469379838548,72
3.681281884511312,0.07951672750563844,0.026178280512491863,0.0023359802316423894,0.8,0.01,5,1,0.7,"{'colsample_bytree': 0.8, 'learning_rate': 0.01, 'max_depth': 5, 'min_child_weight': 1, 'subsample': 0.7}",0.5356176735798016,0.5338142470694319,0.5379061371841155,0.5357793526111164,0.001674414576209938,67
3.4474124113718667,0.13018391712329944,0.02400668462117513,0.0007112231043643439,0.8,0.01,5,1,0.8,"{'colsample_bytree': 0.8, 'learning_rate': 0.01, 'max_depth': 5, 'min_child_weight': 1, 'subsample': 0.8}",0.5320108205590622,0.5338142470694319,0.5324909747292419,0.5327720141192454,0.0007625938843299596,108
3.8072144985198975,0.0815365432440721,0.028336366017659504,0.006848868174299303,0.8,0.01,5,1,0.9,"{'colsample_bytree': 0.8, 'learning_rate': 0.01, 'max_depth': 5, 'min_child_weight': 1, 'subsample': 0.9}",0.5320108205590622,0.5329125338142471,0.5315884476534296,0.5321706006755796,0.0005522368480660118,117
3.282431443532308,0.23320455984690905,0.026827573776245117,0.003807673788500271,0.8,0.01,5,3,0.7,"{'colsample_bytree': 0.8, 'learning_rate': 0.01, 'max_depth': 5, 'min_child_weight': 3, 'subsample': 0.7}",0.5383228133453561,0.5347159603246168,0.5379061371841155,0.5369816369513628,0.0016110809391159378,51
3.4609331289927163,0.08925153386379399,0.03887049357096354,0.012908238075797367,0.8,0.01,5,3,0.8,"{'colsample_bytree': 0.8, 'learning_rate': 0.01, 'max_depth': 5, 'min_child_weight': 3, 'subsample': 0.8}",0.5356176735798016,0.5347159603246168,0.5315884476534296,0.5339740271859493,0.001726559966740565,96
3.4211250940958657,0.09187109890798668,0.02517541249593099,0.0013093063646507997,0.8,0.01,5,3,0.9,"{'colsample_bytree': 0.8, 'learning_rate': 0.01, 'max_depth': 5, 'min_child_weight': 3, 'subsample': 0.9}",0.527502254283138,0.5329125338142471,0.5324909747292419,0.5309685876088757,0.0024571023665254112,126
3.5900727907816568,0.011599338854838393,0.026932716369628906,0.002103446235261519,0.8,0.01,5,5,0.7,"{'colsample_bytree': 0.8, 'learning_rate': 0.01, 'max_depth': 5, 'min_child_weight': 5, 'subsample': 0.7}",0.539224526600541,0.5356176735798016,0.5415162454873647,0.5387861485559023,0.002427951004405269,23
3.5915114879608154,0.023179768676900747,0.033330678939819336,0.0074291247177897205,0.8,0.01,5,5,0.8,"{'colsample_bytree': 0.8, 'learning_rate': 0.01, 'max_depth': 5, 'min_child_weight': 5, 'subsample': 0.8}",0.5347159603246168,0.5329125338142471,0.5379061371841155,0.5351782104409931,0.002064667048454026,77
3.6067582766215005,0.09081015913699372,0.026357014973958332,0.003130679535893182,0.8,0.01,5,5,0.9,"{'colsample_bytree': 0.8, 'learning_rate': 0.01, 'max_depth': 5, 'min_child_weight': 5, 'subsample': 0.9}",0.5347159603246168,0.5311091073038774,0.5351985559566786,0.5336745411950576,0.0018247032495784666,99
2.2267141342163086,0.0803089246632186,0.013886451721191406,0.0006181898139420654,0.8,0.05,3,1,0.7,"{'colsample_bytree': 0.8, 'learning_rate': 0.05, 'max_depth': 3, 'min_child_weight': 1, 'subsample': 0.7}",0.539224526600541,0.5374211000901713,0.5333935018050542,0.5366797094985888,0.0024375476129860174,56
2.145224094390869,0.05861507805314782,0.018711407979329426,0.005243519114722509,0.8,0.05,3,1,0.8,"{'colsample_bytree': 0.8, 'learning_rate': 0.05, 'max_depth': 3, 'min_child_weight': 1, 'subsample': 0.8}",0.5356176735798016,0.5347159603246168,0.5288808664259927,0.533071500110137,0.002986003985781846,106
2.054705540339152,0.16427408982964095,0.01319138209025065,0.000270834154578006,0.8,0.05,3,1,0.9,"{'colsample_bytree': 0.8, 'learning_rate': 0.05, 'max_depth': 3, 'min_child_weight': 1, 'subsample': 0.9}",0.5365193868349865,0.5410279531109107,0.5279783393501805,0.5351752264320259,0.005411603595837697,81
1.962693691253662,0.14374870760206618,0.01591666539510091,0.003651289185955177,0.8,0.05,3,3,0.7,"{'colsample_bytree': 0.8, 'learning_rate': 0.05, 'max_depth': 3, 'min_child_weight': 3, 'subsample': 0.7}",0.5410279531109107,0.5365193868349865,0.5306859205776173,0.5360777535078382,0.004233650058492522,65
1.915918191274007,0.1683810604449065,0.01433579126993815,0.0004643459708061009,0.8,0.05,3,3,0.8,"{'colsample_bytree': 0.8, 'learning_rate': 0.05, 'max_depth': 3, 'min_child_weight': 3, 'subsample': 0.8}",0.5401262398557258,0.5311091073038774,0.5306859205776173,0.5339737559124068,0.004353892186379073,97
2.0143913427988687,0.08195420039002715,0.018024762471516926,0.0021830476746285987,0.8,0.05,3,3,0.9,"{'colsample_bytree': 0.8, 'learning_rate': 0.05, 'max_depth': 3, 'min_child_weight': 3, 'subsample': 0.9}",0.5347159603246168,0.5410279531109107,0.5270758122743683,0.5342732419032985,0.005704533763075899,95
1.7952855428059895,0.10917193714291747,0.016194820404052734,0.00317030139618145,0.8,0.05,3,5,0.7,"{'colsample_bytree': 0.8, 'learning_rate': 0.05, 'max_depth': 3, 'min_child_weight': 5, 'subsample': 0.7}",0.5365193868349865,0.5383228133453561,0.5315884476534296,0.5354768826112574,0.002846404938458216,76
1.8941373825073242,0.14599013679441308,0.014017502466837565,0.000838239949075608,0.8,0.05,3,5,0.8,"{'colsample_bytree': 0.8, 'learning_rate': 0.05, 'max_depth': 3, 'min_child_weight': 5, 'subsample': 0.8}",0.5356176735798016,0.5383228133453561,0.5306859205776173,0.5348754691675918,0.003161611754428774,85
1.8611223697662354,0.14815292116131693,0.01440572738647461,0.0005689894564341587,0.8,0.05,3,5,0.9,"{'colsample_bytree': 0.8, 'learning_rate': 0.05, 'max_depth': 3, 'min_child_weight': 5, 'subsample': 0.9}",0.5347159603246168,0.5446348061316502,0.5342960288808665,0.5378822651123778,0.004777844232641567,41
2.6608553727467856,0.28564492399922786,0.017371098200480144,0.00035131673157325847,0.8,0.05,4,1,0.7,"{'colsample_bytree': 0.8, 'learning_rate': 0.05, 'max_depth': 4, 'min_child_weight': 1, 'subsample': 0.7}",0.5229936880072137,0.5329125338142471,0.5234657039711191,0.5264573085975267,0.004568599290554531,155
2.676554520924886,0.3140493990970095,0.021085421244303387,0.001470057694271117,0.8,0.05,4,1,0.8,"{'colsample_bytree': 0.8, 'learning_rate': 0.05, 'max_depth': 4, 'min_child_weight': 1, 'subsample': 0.8}",0.5247971145175834,0.5293056807935077,0.5279783393501805,0.5273603782204238,0.0018917715567721347,148
2.653576612472534,0.2566555138484828,0.029164791107177734,0.00480087206187717,0.8,0.05,4,1,0.9,"{'colsample_bytree': 0.8, 'learning_rate': 0.05, 'max_depth': 4, 'min_child_weight': 1, 'subsample': 0.9}",0.5293056807935077,0.539224526600541,0.5361010830324909,0.5348770968088465,0.004140811695201709,83
2.6110188961029053,0.24763337708284922,0.022225141525268555,0.004821062934973763,0.8,0.05,4,3,0.7,"{'colsample_bytree': 0.8, 'learning_rate': 0.05, 'max_depth': 4, 'min_child_weight': 3, 'subsample': 0.7}",0.5320108205590622,0.5401262398557258,0.5252707581227437,0.5324692728458439,0.0060733828165300055,113
2.4033777713775635,0.12610093093789937,0.02803317705790202,0.01237733135335146,0.8,0.05,4,3,0.8,"{'colsample_bytree': 0.8, 'learning_rate': 0.05, 'max_depth': 4, 'min_child_weight': 3, 'subsample': 0.8}",0.527502254283138,0.5293056807935077,0.51985559566787,0.5255545102481719,0.004096446211027258,164
2.4499104022979736,0.1481806902804472,0.02146601676940918,0.002181981366612992,0.8,0.05,4,3,0.9,"{'colsample_bytree': 0.8, 'learning_rate': 0.05, 'max_depth': 4, 'min_child_weight': 3, 'subsample': 0.9}",0.5302073940486925,0.5356176735798016,0.5324909747292419,0.5327720141192454,0.0022176592021370283,108
2.5163361231486,0.1934527762237509,0.01978603998819987,0.00040476520648981577,0.8,0.05,4,5,0.7,"{'colsample_bytree': 0.8, 'learning_rate': 0.05, 'max_depth': 4, 'min_child_weight': 5, 'subsample': 0.7}",0.5338142470694319,0.5347159603246168,0.5306859205776173,0.533072042657222,0.0017269347860157213,105
2.6584248542785645,0.20359067024624328,0.023356119791666668,0.0026983258348260803,0.8,0.05,4,5,0.8,"{'colsample_bytree': 0.8, 'learning_rate': 0.05, 'max_depth': 4, 'min_child_weight': 5, 'subsample': 0.8}",0.527502254283138,0.5311091073038774,0.5243682310469314,0.5276598642113156,0.00275420694513679,146
2.369424740473429,0.10135166417758598,0.0184628963470459,0.0005524430640755821,0.8,0.05,4,5,0.9,"{'colsample_bytree': 0.8, 'learning_rate': 0.05, 'max_depth': 4, 'min_child_weight': 5, 'subsample': 0.9}",0.5311091073038774,0.5365193868349865,0.5306859205776173,0.5327714715721604,0.0026558016196388005,111
4.0560760498046875,0.8677533679783872,0.024172544479370117,0.0018152342736360533,0.8,0.05,5,1,0.7,"{'colsample_bytree': 0.8, 'learning_rate': 0.05, 'max_depth': 5, 'min_child_weight': 1, 'subsample': 0.7}",0.521190261496844,0.5356176735798016,0.5153429602888087,0.5240502984551514,0.008520596939579404,177
4.004722913106282,0.8260765046840028,0.021229346593221027,0.0002578506455257142,0.8,0.05,5,1,0.8,"{'colsample_bytree': 0.8, 'learning_rate': 0.05, 'max_depth': 5, 'min_child_weight': 1, 'subsample': 0.8}",0.5112714156898106,0.5320108205590622,0.5252707581227437,0.5228509981238721,0.008637984233287634,187
3.9654812812805176,0.7970638637053163,0.02872323989868164,0.008176633205678581,0.8,0.05,5,1,0.9,"{'colsample_bytree': 0.8, 'learning_rate': 0.05, 'max_depth': 5, 'min_child_weight': 1, 'subsample': 0.9}",0.5266005410279531,0.5347159603246168,0.5252707581227437,0.5288624198251045,0.00417452855049281,138
4.066110531489055,0.6530459471828479,0.02944604555765788,0.007876903855589755,0.8,0.05,5,3,0.7,"{'colsample_bytree': 0.8, 'learning_rate': 0.05, 'max_depth': 5, 'min_child_weight': 3, 'subsample': 0.7}",0.5184851217312895,0.5383228133453561,0.5216606498194946,0.52615619496538,0.008700227842331635,159
3.161574443181356,0.055021849759183256,0.027012983957926433,0.007416594319921751,0.8,0.05,5,3,0.8,"{'colsample_bytree': 0.8, 'learning_rate': 0.05, 'max_depth': 5, 'min_child_weight': 3, 'subsample': 0.8}",0.5193868349864743,0.5383228133453561,0.5180505415162455,0.5252533966160253,0.009257561244493723,167
3.3238449096679688,0.3773583494372978,0.023975690205891926,0.0013444930019503522,0.8,0.05,5,3,0.9,"{'colsample_bytree': 0.8, 'learning_rate': 0.05, 'max_depth': 5, 'min_child_weight': 3, 'subsample': 0.9}",0.5293056807935077,0.5383228133453561,0.5288808664259927,0.5321697868549522,0.004354301938345672,119
3.496443748474121,0.15185226581902989,0.026119788487752277,0.0009622015465328955,0.8,0.05,5,5,0.7,"{'colsample_bytree': 0.8, 'learning_rate': 0.05, 'max_depth': 5, 'min_child_weight': 5, 'subsample': 0.7}",0.5202885482416592,0.5293056807935077,0.5153429602888087,0.5216457297746585,0.005780475600860864,195
3.2746310234069824,0.23628392399761625,0.02164800961812337,0.00016634514363901903,0.8,0.05,5,5,0.8,"{'colsample_bytree': 0.8, 'learning_rate': 0.05, 'max_depth': 5, 'min_child_weight': 5, 'subsample': 0.8}",0.5220919747520288,0.5365193868349865,0.5207581227436823,0.5264564947768992,0.0071363453636801785,157
3.023053010304769,0.05173657529533512,0.030066490173339844,0.008558283803024565,0.8,0.05,5,5,0.9,"{'colsample_bytree': 0.8, 'learning_rate': 0.05, 'max_depth': 5, 'min_child_weight': 5, 'subsample': 0.9}",0.5229936880072137,0.5365193868349865,0.5243682310469314,0.5279604352963773,0.006078052359224161,144
1.7409067153930664,0.06176081436160307,0.01990683873494466,0.010433363692198726,0.8,0.1,3,1,0.7,"{'colsample_bytree': 0.8, 'learning_rate': 0.1, 'max_depth': 3, 'min_child_weight': 1, 'subsample': 0.7}",0.5184851217312895,0.5266005410279531,0.5216606498194946,0.522248770859579,0.003339103907588331,190
1.9398422241210938,0.07293640914847689,0.015092055002848307,0.0017383956294326345,0.8,0.1,3,1,0.8,"{'colsample_bytree': 0.8, 'learning_rate': 0.1, 'max_depth': 3, 'min_child_weight': 1, 'subsample': 0.8}",0.5175834084761046,0.5338142470694319,0.5189530685920578,0.5234502413791982,0.007349759754291621,184
1.756684382756551,0.09707381754779422,0.01468364397684733,0.0021246978271943985,0.8,0.1,3,1,0.9,"{'colsample_bytree': 0.8, 'learning_rate': 0.1, 'max_depth': 3, 'min_child_weight': 1, 'subsample': 0.9}",0.5284039675383229,0.5374211000901713,0.5207581227436823,0.5288610634573921,0.006810306210532386,141
1.9025426705678303,0.181706571191298,0.013842264811197916,0.00031737649456765096,0.8,0.1,3,3,0.7,"{'colsample_bytree': 0.8, 'learning_rate': 0.1, 'max_depth': 3, 'min_child_weight': 3, 'subsample': 0.7}",0.5166816952209198,0.5266005410279531,0.516245487364621,0.5198425745378313,0.004781920997164289,202
1.8138412634531658,0.12724194907638856,0.01925007502237956,0.008638855532232124,0.8,0.1,3,3,0.8,"{'colsample_bytree': 0.8, 'learning_rate': 0.1, 'max_depth': 3, 'min_child_weight': 3, 'subsample': 0.8}",0.5302073940486925,0.5347159603246168,0.5117328519855595,0.5255520687862896,0.009943502307379296,165
1.9769434134165447,0.07929303590771401,0.01682138442993164,0.0034595577065265216,0.8,0.1,3,3,0.9,"{'colsample_bytree': 0.8, 'learning_rate': 0.1, 'max_depth': 3, 'min_child_weight': 3, 'subsample': 0.9}",0.5220919747520288,0.5338142470694319,0.51985559566787,0.5252539391631103,0.006121519497656924,166
1.8496981461842854,0.2137433589486781,0.012939532597859701,0.0006626887568752053,0.8,0.1,3,5,0.7,"{'colsample_bytree': 0.8, 'learning_rate': 0.1, 'max_depth': 3, 'min_child_weight': 5, 'subsample': 0.7}",0.5256988277727682,0.5247971145175834,0.51985559566787,0.5234505126527406,0.0025685070624426993,181
1.835868279139201,0.19320328899631564,0.017798105875651043,0.002177200871360865,0.8,0.1,3,5,0.8,"{'colsample_bytree': 0.8, 'learning_rate': 0.1, 'max_depth': 3, 'min_child_weight': 5, 'subsample': 0.8}",0.527502254283138,0.5338142470694319,0.5225631768953068,0.5279598927492922,0.004604615057385342,145
1.770240068435669,0.14555468364162516,0.018490950266520183,0.0033021929983729405,0.8,0.1,3,5,0.9,"{'colsample_bytree': 0.8, 'learning_rate': 0.1, 'max_depth': 3, 'min_child_weight': 5, 'subsample': 0.9}",0.527502254283138,0.5356176735798016,0.5252707581227437,0.5294635619952278,0.004445950278999457,133
2.6312948067982993,0.24784242661422792,0.024323383967081707,0.010270065136645353,0.8,0.1,4,1,0.7,"{'colsample_bytree': 0.8, 'learning_rate': 0.1, 'max_depth': 4, 'min_child_weight': 1, 'subsample': 0.7}",0.5193868349864743,0.5284039675383229,0.5027075812274369,0.516832794584078,0.010644823754369282,219
2.5976600646972656,0.28949537489631355,0.020587444305419922,0.006300372108424183,0.8,0.1,4,1,0.8,"{'colsample_bytree': 0.8, 'learning_rate': 0.1, 'max_depth': 4, 'min_child_weight': 1, 'subsample': 0.8}",0.5085662759242561,0.5302073940486925,0.5117328519855595,0.5168355073195027,0.009543315881171055,217
2.855584700902303,0.1371483277694256,0.025503238042195637,0.007694500897499004,0.8,0.1,4,1,0.9,"{'colsample_bytree': 0.8, 'learning_rate': 0.1, 'max_depth': 4, 'min_child_weight': 1, 'subsample': 0.9}",0.5085662759242561,0.5320108205590622,0.5045126353790613,0.5150299106207932,0.012120821676385764,229
2.7046075661977134,0.17372162629992147,0.019528945287068684,0.0025027915615641397,0.8,0.1,4,3,0.7,"{'colsample_bytree': 0.8, 'learning_rate': 0.1, 'max_depth': 4, 'min_child_weight': 3, 'subsample': 0.7}",0.527502254283138,0.5302073940486925,0.526173285198556,0.5279609778434621,0.0016785567277247196,142
2.614417394002279,0.13620849351693878,0.01894982655843099,0.0012776068592279769,0.8,0.1,4,3,0.8,"{'colsample_bytree': 0.8, 'learning_rate': 0.1, 'max_depth': 4, 'min_child_weight': 3, 'subsample': 0.8}",0.5085662759242561,0.5229936880072137,0.5144404332129964,0.5153334657148221,0.005923719841442853,226
2.807263215382894,0.04282139664332437,0.01850605010986328,0.000721234631368601,0.8,0.1,4,3,0.9,"{'colsample_bytree': 0.8, 'learning_rate': 0.1, 'max_depth': 4, 'min_child_weight': 3, 'subsample': 0.9}",0.5166816952209198,0.5365193868349865,0.5135379061371841,0.5222463293976968,0.010173854690885576,191
2.4387688636779785,0.061031248240726706,0.017937103907267254,0.0006838978194343368,0.8,0.1,4,5,0.7,"{'colsample_bytree': 0.8, 'learning_rate': 0.1, 'max_depth': 4, 'min_child_weight': 5, 'subsample': 0.7}",0.5220919747520288,0.5238954012623985,0.5126353790613718,0.5195409183585997,0.004938146854421228,207
2.461376746495565,0.05489176169461589,0.022286097208658855,0.006664598357724377,0.8,0.1,4,5,0.8,"{'colsample_bytree': 0.8, 'learning_rate': 0.1, 'max_depth': 4, 'min_child_weight': 5, 'subsample': 0.8}",0.5166816952209198,0.5338142470694319,0.51985559566787,0.5234505126527406,0.007441937664639609,181
2.2488136291503906,0.1700372591281451,0.019020239512125652,0.0007644512757678682,0.8,0.1,4,5,0.9,"{'colsample_bytree': 0.8, 'learning_rate': 0.1, 'max_depth': 4, 'min_child_weight': 5, 'subsample': 0.9}",0.5184851217312895,0.5320108205590622,0.5135379061371841,0.5213446161425119,0.007807888021113342,197
3.172717014948527,0.13017654364527265,0.024947404861450195,0.003952972309908728,0.8,0.1,5,1,0.7,"{'colsample_bytree': 0.8, 'learning_rate': 0.1, 'max_depth': 5, 'min_child_weight': 1, 'subsample': 0.7}",0.5004508566275925,0.5121731289449954,0.5018050541516246,0.5048096799080709,0.005236013052126793,243
3.110830783843994,0.14768681023152014,0.0233306884765625,0.0014048435325148604,0.8,0.1,5,1,0.8,"{'colsample_bytree': 0.8, 'learning_rate': 0.1, 'max_depth': 5, 'min_child_weight': 1, 'subsample': 0.8}",0.5085662759242561,0.5175834084761046,0.5135379061371841,0.5132291968458482,0.0036876953900161443,231
3.0860639413197837,0.0962841048725882,0.02456347147623698,0.002047744937124845,0.8,0.1,5,1,0.9,"{'colsample_bytree': 0.8, 'learning_rate': 0.1, 'max_depth': 5, 'min_child_weight': 1, 'subsample': 0.9}",0.521190261496844,0.5284039675383229,0.4981949458483754,0.5159297249611807,0.01288154186806881,222
3.0016070206960044,0.153456213240547,0.022637287775675457,0.0012121480735027236,0.8,0.1,5,3,0.7,"{'colsample_bytree': 0.8, 'learning_rate': 0.1, 'max_depth': 5, 'min_child_weight': 3, 'subsample': 0.7}",0.5058611361587015,0.5229936880072137,0.5,0.5096182747219717,0.009755835507735176,239
3.1514002482096353,0.1160983893743263,0.03837052981058756,0.004681821120579531,0.8,0.1,5,3,0.8,"{'colsample_bytree': 0.8, 'learning_rate': 0.1, 'max_depth': 5, 'min_child_weight': 3, 'subsample': 0.8}",0.5103697024346258,0.5356176735798016,0.5072202166064982,0.5177358642069753,0.012709554019974405,212
2.9372410774230957,0.02605643455072738,0.02395327885945638,0.003345768451464051,0.8,0.1,5,3,0.9,"{'colsample_bytree': 0.8, 'learning_rate': 0.1, 'max_depth': 5, 'min_child_weight': 3, 'subsample': 0.9}",0.5085662759242561,0.5311091073038774,0.5126353790613718,0.5174369207631685,0.009809380330006544,214
3.1117665767669678,0.11418647461074552,0.023131847381591797,0.001053435991367441,0.8,0.1,5,5,0.7,"{'colsample_bytree': 0.8, 'learning_rate': 0.1, 'max_depth': 5, 'min_child_weight': 5, 'subsample': 0.7}",0.503155996393147,0.521190261496844,0.5090252707581228,0.5111238428827046,0.007510511885757617,237
2.976632277170817,0.10173228004439044,0.0220184326171875,0.0011088605386787756,0.8,0.1,5,5,0.8,"{'colsample_bytree': 0.8, 'learning_rate': 0.1, 'max_depth': 5, 'min_child_weight': 5, 'subsample': 0.8}",0.5004508566275925,0.5256988277727682,0.5207581227436823,0.5156359357146809,0.010925279911195516,223
2.957127253214518,0.2257502486681477,0.02473028500874837,0.001984172762545507,0.8,0.1,5,5,0.9,"{'colsample_bytree': 0.8, 'learning_rate': 0.1, 'max_depth': 5, 'min_child_weight': 5, 'subsample': 0.9}",0.5139765554553652,0.521190261496844,0.5045126353790613,0.5132264841104236,0.006829239025348466,232
2.033877690633138,0.11395368726378505,0.014691352844238281,0.0019435857513724797,0.9,0.01,3,1,0.7,"{'colsample_bytree': 0.9, 'learning_rate': 0.01, 'max_depth': 3, 'min_child_weight': 1, 'subsample': 0.7}",0.545536519386835,0.5383228133453561,0.5351985559566786,0.5396859628962899,0.0043291265088522424,9
1.9701701005299885,0.11788804416209638,0.017138083775838215,0.003532168314194387,0.9,0.01,3,1,0.8,"{'colsample_bytree': 0.9, 'learning_rate': 0.01, 'max_depth': 3, 'min_child_weight': 1, 'subsample': 0.8}",0.5374211000901713,0.5338142470694319,0.5342960288808665,0.5351771253468233,0.0015988736483423386,79
1.8981885115305583,0.0984985037367703,0.012792110443115234,0.0011066647905583929,0.9,0.01,3,1,0.9,"{'colsample_bytree': 0.9, 'learning_rate': 0.01, 'max_depth': 3, 'min_child_weight': 1, 'subsample': 0.9}",0.5401262398557258,0.5365193868349865,0.5361010830324909,0.5375822365744011,0.0018069696620472827,45
1.9256184101104736,0.0830445025281019,0.013696114222208658,0.00021802083802490005,0.9,0.01,3,3,0.7,"{'colsample_bytree': 0.9, 'learning_rate': 0.01, 'max_depth': 3, 'min_child_weight': 3, 'subsample': 0.7}",0.5473399458972047,0.5383228133453561,0.5333935018050542,0.5396854203492051,0.00577456197987192,10
1.9188152154286702,0.06489931898071527,0.01687343915303548,0.002335991579305461,0.9,0.01,3,3,0.8,"{'colsample_bytree': 0.9, 'learning_rate': 0.01, 'max_depth': 3, 'min_child_weight': 3, 'subsample': 0.8}",0.5383228133453561,0.5338142470694319,0.5370036101083032,0.5363802235076971,0.001892661372505524,58
1.916015386581421,0.08832372037494958,0.0138243039449056,0.001919889323681461,0.9,0.01,3,3,0.9,"{'colsample_bytree': 0.9, 'learning_rate': 0.01, 'max_depth': 3, 'min_child_weight': 3, 'subsample': 0.9}",0.539224526600541,0.5347159603246168,0.5351985559566786,0.5363796809606122,0.00202123471707897,60
1.9872382481892903,0.05157942262992166,0.015909751256306965,0.002040435791725434,0.9,0.01,3,5,0.7,"{'colsample_bytree': 0.9, 'learning_rate': 0.01, 'max_depth': 3, 'min_child_weight': 5, 'subsample': 0.7}",0.5437330928764653,0.5401262398557258,0.5333935018050542,0.5390842781790818,0.0042849386602142,21
1.8889704545338948,0.03253729175397124,0.015573660532633463,0.0029597539401100817,0.9,0.01,3,5,0.8,"{'colsample_bytree': 0.9, 'learning_rate': 0.01, 'max_depth': 3, 'min_child_weight': 5, 'subsample': 0.8}",0.539224526600541,0.5347159603246168,0.5342960288808665,0.5360788386020081,0.002230934085750937,64
1.88029940923055,0.01982984888619896,0.011299689610799154,0.0009248580968180881,0.9,0.01,3,5,0.9,"{'colsample_bytree': 0.9, 'learning_rate': 0.01, 'max_depth': 3, 'min_child_weight': 5, 'subsample': 0.9}",0.5410279531109107,0.5347159603246168,0.5333935018050542,0.5363791384135271,0.0033312492853730135,62
2.7139530976613364,0.14967980756949922,0.019411643346150715,0.0023015622027262477,0.9,0.01,4,1,0.7,"{'colsample_bytree': 0.9, 'learning_rate': 0.01, 'max_depth': 4, 'min_child_weight': 1, 'subsample': 0.7}",0.5419296663660956,0.5356176735798016,0.5415162454873647,0.5396878618110873,0.002883002299029614,7
2.9412182172139487,0.03581939500627399,0.016577641169230144,0.0013289187447378388,0.9,0.01,4,1,0.8,"{'colsample_bytree': 0.9, 'learning_rate': 0.01, 'max_depth': 4, 'min_child_weight': 1, 'subsample': 0.8}",0.539224526600541,0.5347159603246168,0.5379061371841155,0.5372822080364245,0.0018927507587466785,47
2.764512379964193,0.13754983548226535,0.01958123842875163,0.0018881917616921143,0.9,0.01,4,1,0.9,"{'colsample_bytree': 0.9, 'learning_rate': 0.01, 'max_depth': 4, 'min_child_weight': 1, 'subsample': 0.9}",0.5338142470694319,0.5266005410279531,0.5370036101083032,0.5324727994018961,0.0043516719358722665,112
2.5667686462402344,0.06010112232753566,0.018871863683064777,0.0015969208480246428,0.9,0.01,4,3,0.7,"{'colsample_bytree': 0.9, 'learning_rate': 0.01, 'max_depth': 4, 'min_child_weight': 3, 'subsample': 0.7}",0.5419296663660956,0.5347159603246168,0.5388086642599278,0.5384847636502134,0.00295387569327115,28
2.67415444056193,0.14445879121582653,0.0173336664835612,0.00047243976840189973,0.9,0.01,4,3,0.8,"{'colsample_bytree': 0.9, 'learning_rate': 0.01, 'max_depth': 4, 'min_child_weight': 3, 'subsample': 0.8}",0.5401262398557258,0.5383228133453561,0.5406137184115524,0.5396875905375448,0.0009853498275016873,8
2.738565365473429,0.09128655300127236,0.018988927205403645,0.0021893941669645397,0.9,0.01,4,3,0.9,"{'colsample_bytree': 0.9, 'learning_rate': 0.01, 'max_depth': 4, 'min_child_weight': 3, 'subsample': 0.9}",0.5365193868349865,0.5284039675383229,0.5379061371841155,0.5342764971858083,0.004190920541531718,93
2.6887096563975015,0.10267188902112197,0.020209630330403645,0.004155679652251193,0.9,0.01,4,5,0.7,"{'colsample_bytree': 0.9, 'learning_rate': 0.01, 'max_depth': 4, 'min_child_weight': 5, 'subsample': 0.7}",0.5419296663660956,0.5311091073038774,0.5442238267148014,0.5390875334615914,0.00571881432303152,16
2.7346163590749106,0.11141100831297514,0.019559383392333984,0.0007217289412967083,0.9,0.01,4,5,0.8,"{'colsample_bytree': 0.9, 'learning_rate': 0.01, 'max_depth': 4, 'min_child_weight': 5, 'subsample': 0.8}",0.5401262398557258,0.5320108205590622,0.5388086642599278,0.5369819082249053,0.00355600766766921,49
2.7071333726247153,0.07832809308317105,0.017915089925130207,0.0005004910590569949,0.9,0.01,4,5,0.9,"{'colsample_bytree': 0.9, 'learning_rate': 0.01, 'max_depth': 4, 'min_child_weight': 5, 'subsample': 0.9}",0.5401262398557258,0.527502254283138,0.5324909747292419,0.5333731562893685,0.005191334842022617,101
3.55357559521993,0.07179673674464952,0.022690693537394207,0.0006315963414427332,0.9,0.01,5,1,0.7,"{'colsample_bytree': 0.9, 'learning_rate': 0.01, 'max_depth': 5, 'min_child_weight': 1, 'subsample': 0.7}",0.5356176735798016,0.5401262398557258,0.5388086642599278,0.5381841925651517,0.0018928402185221813,34
3.5617147286732993,0.12118023069166854,0.02619616190592448,0.0029655858331914986,0.9,0.01,5,1,0.8,"{'colsample_bytree': 0.9, 'learning_rate': 0.01, 'max_depth': 5, 'min_child_weight': 1, 'subsample': 0.8}",0.5311091073038774,0.5356176735798016,0.5324909747292419,0.533072585204307,0.0018860002694643426,104
3.7241631348927817,0.1004807228822704,0.027577797571818035,0.007479799070112828,0.9,0.01,5,1,0.9,"{'colsample_bytree': 0.9, 'learning_rate': 0.01, 'max_depth': 5, 'min_child_weight': 1, 'subsample': 0.9}",0.5311091073038774,0.5256988277727682,0.5370036101083032,0.5312705150616496,0.004616569091266648,122
3.4941563606262207,0.04325621244681719,0.024800697962443035,0.0031945007940272054,0.9,0.01,5,3,0.7,"{'colsample_bytree': 0.9, 'learning_rate': 0.01, 'max_depth': 5, 'min_child_weight': 3, 'subsample': 0.7}",0.5302073940486925,0.5329125338142471,0.5397111913357401,0.5342770397328933,0.003998078540152199,92
3.6205541292826333,0.02935457996337504,0.023841460545857746,0.0019286270979148217,0.9,0.01,5,3,0.8,"{'colsample_bytree': 0.9, 'learning_rate': 0.01, 'max_depth': 5, 'min_child_weight': 3, 'subsample': 0.8}",0.5356176735798016,0.5365193868349865,0.5351985559566786,0.5357785387904889,0.0005510939207793566,68
3.3424203395843506,0.04256433592310384,0.02549632390340169,0.004735634628135295,0.9,0.01,5,3,0.9,"{'colsample_bytree': 0.9, 'learning_rate': 0.01, 'max_depth': 5, 'min_child_weight': 3, 'subsample': 0.9}",0.5320108205590622,0.5293056807935077,0.5351985559566786,0.5321716857697495,0.002408443845333377,116
3.62003763516744,0.1663746900848823,0.027228673299153645,0.003239726052284361,0.9,0.01,5,5,0.7,"{'colsample_bytree': 0.9, 'learning_rate': 0.01, 'max_depth': 5, 'min_child_weight': 5, 'subsample': 0.7}",0.5356176735798016,0.5320108205590622,0.5397111913357401,0.5357798951582012,0.003145755278143593,66
3.568433920542399,0.13579114960011424,0.032332420349121094,0.008512780832387278,0.9,0.01,5,5,0.8,"{'colsample_bytree': 0.9, 'learning_rate': 0.01, 'max_depth': 5, 'min_child_weight': 5, 'subsample': 0.8}",0.5329125338142471,0.5329125338142471,0.5388086642599278,0.534877910629474,0.002779462547267529,82
4.758662382761638,0.52090857185028,0.025700489679972332,0.0023796012377826138,0.9,0.01,5,5,0.9,"{'colsample_bytree': 0.9, 'learning_rate': 0.01, 'max_depth': 5, 'min_child_weight': 5, 'subsample': 0.9}",0.5347159603246168,0.5229936880072137,0.5388086642599278,0.5321727708639195,0.006702200033980352,114
2.7183730602264404,0.4876941417350018,0.020674626032511394,0.007686444738782011,0.9,0.05,3,1,0.7,"{'colsample_bytree': 0.9, 'learning_rate': 0.05, 'max_depth': 3, 'min_child_weight': 1, 'subsample': 0.7}",0.539224526600541,0.5347159603246168,0.529783393501805,0.5345746268089876,0.0038556218624230575,91
2.928139050801595,0.3434014480311514,0.019248088200887043,0.002892361248170203,0.9,0.05,3,1,0.8,"{'colsample_bytree': 0.9, 'learning_rate': 0.05, 'max_depth': 3, 'min_child_weight': 1, 'subsample': 0.8}",0.5356176735798016,0.5419296663660956,0.5270758122743683,0.5348743840734218,0.006086794712725904,87
2.4262580076853433,0.17609453267740652,0.01692517598470052,0.0026103277147932324,0.9,0.05,3,1,0.9,"{'colsample_bytree': 0.9, 'learning_rate': 0.05, 'max_depth': 3, 'min_child_weight': 1, 'subsample': 0.9}",0.5401262398557258,0.5410279531109107,0.5324909747292419,0.5378817225652929,0.003829568589502796,42
2.1623900731404624,0.07848817722409158,0.014241933822631836,5.8886332310304266e-05,0.9,0.05,3,3,0.7,"{'colsample_bytree': 0.9, 'learning_rate': 0.05, 'max_depth': 3, 'min_child_weight': 3, 'subsample': 0.7}",0.5428313796212805,0.5338142470694319,0.5279783393501805,0.5348746553469642,0.00610991274405912,86
2.094949245452881,0.1456287311994795,0.014729181925455729,0.002744647167509862,0.9,0.05,3,3,0.8,"{'colsample_bytree': 0.9, 'learning_rate': 0.05, 'max_depth': 3, 'min_child_weight': 3, 'subsample': 0.8}",0.5365193868349865,0.539224526600541,0.5243682310469314,0.5333707148274862,0.006460803920677426,103
1.9414477348327637,0.06424392362231507,0.014153639475504557,0.0009024394512107141,0.9,0.05,3,3,0.9,"{'colsample_bytree': 0.9, 'learning_rate': 0.05, 'max_depth': 3, 'min_child_weight': 3, 'subsample': 0.9}",0.539224526600541,0.5410279531109107,0.529783393501805,0.5366786244044189,0.004930939308410854,57
2.0307674407958984,0.08147627292106388,0.013841470082600912,0.0006333015719231442,0.9,0.05,3,5,0.7,"{'colsample_bytree': 0.9, 'learning_rate': 0.05, 'max_depth': 3, 'min_child_weight': 5, 'subsample': 0.7}",0.5437330928764653,0.5347159603246168,0.5370036101083032,0.5384842211031285,0.003827211914078766,30
2.0905250708262124,0.06342603562859063,0.015410979588826498,0.001967891337777962,0.9,0.05,3,5,0.8,"{'colsample_bytree': 0.9, 'learning_rate': 0.05, 'max_depth': 3, 'min_child_weight': 5, 'subsample': 0.8}",0.5347159603246168,0.5383228133453561,0.5270758122743683,0.5333715286481137,0.0046889501790407274,102
1.9946125348409016,0.1420127457422874,0.01367489496866862,0.00043533697608424184,0.9,0.05,3,5,0.9,"{'colsample_bytree': 0.9, 'learning_rate': 0.05, 'max_depth': 3, 'min_child_weight': 5, 'subsample': 0.9}",0.5419296663660956,0.5410279531109107,0.5306859205776173,0.5378811800182078,0.005101116904606917,43
2.6451898415883384,0.11409732091928171,0.020448605219523113,0.0039376673895941796,0.9,0.05,4,1,0.7,"{'colsample_bytree': 0.9, 'learning_rate': 0.05, 'max_depth': 4, 'min_child_weight': 1, 'subsample': 0.7}",0.5247971145175834,0.5256988277727682,0.5288808664259927,0.5264589362387815,0.0017516813013860016,154
2.7883203824361167,0.20959343986077722,0.01832898457845052,0.0009433023641717736,0.9,0.05,4,1,0.8,"{'colsample_bytree': 0.9, 'learning_rate': 0.05, 'max_depth': 4, 'min_child_weight': 1, 'subsample': 0.8}",0.5284039675383229,0.5311091073038774,0.5270758122743683,0.5288629623721895,0.001678267835577887,137
2.841036558151245,0.04266524558360397,0.021892468134562176,0.001295243527838387,0.9,0.05,4,1,0.9,"{'colsample_bytree': 0.9, 'learning_rate': 0.05, 'max_depth': 4, 'min_child_weight': 1, 'subsample': 0.9}",0.5311091073038774,0.5347159603246168,0.5306859205776173,0.5321703294020371,0.0018083047948867855,118
2.8049747149149575,0.20119184638152476,0.018126487731933594,0.0006834515488617358,0.9,0.05,4,3,0.7,"{'colsample_bytree': 0.9, 'learning_rate': 0.05, 'max_depth': 4, 'min_child_weight': 3, 'subsample': 0.7}",0.5284039675383229,0.5311091073038774,0.5388086642599278,0.5327739130340428,0.004407804597645522,107
2.4919609228769937,0.02578076384554193,0.01734304428100586,0.0005667616670814171,0.9,0.05,4,3,0.8,"{'colsample_bytree': 0.9, 'learning_rate': 0.05, 'max_depth': 4, 'min_child_weight': 3, 'subsample': 0.8}",0.527502254283138,0.5311091073038774,0.5225631768953068,0.5270581794941074,0.0035029638356418613,152
2.799955447514852,0.06188966802537618,0.01915423075358073,0.0010154832972752719,0.9,0.05,4,3,0.9,"{'colsample_bytree': 0.9, 'learning_rate': 0.05, 'max_depth': 4, 'min_child_weight': 3, 'subsample': 0.9}",0.5374211000901713,0.5347159603246168,0.529783393501805,0.5339734846388643,0.0031619712301498982,98
2.715487321217855,0.05842087685704627,0.02066342035929362,0.005179060941731308,0.9,0.05,4,5,0.7,"{'colsample_bytree': 0.9, 'learning_rate': 0.05, 'max_depth': 4, 'min_child_weight': 5, 'subsample': 0.7}",0.5329125338142471,0.5266005410279531,0.529783393501805,0.5297654894480017,0.00257689136362839,131
2.974907954533895,0.07029306253886371,0.018836259841918945,0.002722431151128264,0.9,0.05,4,5,0.8,"{'colsample_bytree': 0.9, 'learning_rate': 0.05, 'max_depth': 4, 'min_child_weight': 5, 'subsample': 0.8}",0.5320108205590622,0.5356176735798016,0.5234657039711191,0.5303647327033277,0.005095736470435082,128
2.7203616301218667,0.08978905005808951,0.031866232554117836,0.010621867077548912,0.9,0.05,4,5,0.9,"{'colsample_bytree': 0.9, 'learning_rate': 0.05, 'max_depth': 4, 'min_child_weight': 5, 'subsample': 0.9}",0.5356176735798016,0.5374211000901713,0.5342960288808665,0.5357782675169465,0.001280848761640044,70
3.9187417030334473,0.1813291191771618,0.02367377281188965,0.0009441099580264712,0.9,0.05,5,1,0.7,"{'colsample_bytree': 0.9, 'learning_rate': 0.05, 'max_depth': 5, 'min_child_weight': 1, 'subsample': 0.7}",0.5247971145175834,0.527502254283138,0.5243682310469314,0.5255558666158843,0.0013873965958532371,163
3.78625496228536,0.24098911351276422,0.02534333864847819,0.0034690662931387973,0.9,0.05,5,1,0.8,"{'colsample_bytree': 0.9, 'learning_rate': 0.05, 'max_depth': 5, 'min_child_weight': 1, 'subsample': 0.8}",0.5193868349864743,0.5428313796212805,0.51985559566787,0.5273579367585416,0.010943049838868483,149
3.7985920111338296,0.18614415550612906,0.025130192438761394,0.0026936223973610543,0.9,0.05,5,1,0.9,"{'colsample_bytree': 0.9, 'learning_rate': 0.05, 'max_depth': 5, 'min_child_weight': 1, 'subsample': 0.9}",0.5256988277727682,0.5329125338142471,0.5279783393501805,0.528863233645732,0.0030107216354158675,135
3.561577637990316,0.3359089065786301,0.02694074312845866,0.008391686179555418,0.9,0.05,5,3,0.7,"{'colsample_bytree': 0.9, 'learning_rate': 0.05, 'max_depth': 5, 'min_child_weight': 3, 'subsample': 0.7}",0.5256988277727682,0.5329125338142471,0.5279783393501805,0.528863233645732,0.0030107216354158675,135
4.11825966835022,0.2417951430095469,0.023537238438924152,0.0011085605303239516,0.9,0.05,5,3,0.8,"{'colsample_bytree': 0.9, 'learning_rate': 0.05, 'max_depth': 5, 'min_child_weight': 3, 'subsample': 0.8}",0.521190261496844,0.5383228133453561,0.5189530685920578,0.5261553811447527,0.008652015672297352,160
3.8885699113210044,0.3001209824417791,0.021598656972249348,0.0005853202931553541,0.9,0.05,5,3,0.9,"{'colsample_bytree': 0.9, 'learning_rate': 0.05, 'max_depth': 5, 'min_child_weight': 3, 'subsample': 0.9}",0.5247971145175834,0.5338142470694319,0.5243682310469314,0.5276598642113156,0.004355326740981049,146
4.198183377583821,0.4638073669086339,0.026990493138631184,0.006932462588580163,0.9,0.05,5,5,0.7,"{'colsample_bytree': 0.9, 'learning_rate': 0.05, 'max_depth': 5, 'min_child_weight': 5, 'subsample': 0.7}",0.5220919747520288,0.5284039675383229,0.51985559566787,0.5234505126527406,0.003619657841071,181
3.4626194636027017,0.03515938827597715,0.02187045415242513,0.0008577797810602698,0.9,0.05,5,5,0.8,"{'colsample_bytree': 0.9, 'learning_rate': 0.05, 'max_depth': 5, 'min_child_weight': 5, 'subsample': 0.8}",0.5202885482416592,0.5365193868349865,0.5171480144404332,0.5246519831723596,0.008488902182966392,172
3.6273063023885093,0.033828454717650454,0.024214744567871094,0.001140550276448244,0.9,0.05,5,5,0.9,"{'colsample_bytree': 0.9, 'learning_rate': 0.05, 'max_depth': 5, 'min_child_weight': 5, 'subsample': 0.9}",0.5302073940486925,0.5293056807935077,0.516245487364621,0.5252528540689404,0.006379799521834837,169
2.135396162668864,0.18848665690386582,0.014702637990315756,0.0032425975393031064,0.9,0.1,3,1,0.7,"{'colsample_bytree': 0.9, 'learning_rate': 0.1, 'max_depth': 3, 'min_child_weight': 1, 'subsample': 0.7}",0.5184851217312895,0.5247971145175834,0.5216606498194946,0.5216476286894558,0.0025768767136370332,194
2.1899304389953613,0.2289481898271925,0.014479955037434896,0.0018493215157255637,0.9,0.1,3,1,0.8,"{'colsample_bytree': 0.9, 'learning_rate': 0.1, 'max_depth': 3, 'min_child_weight': 1, 'subsample': 0.8}",0.5247971145175834,0.5374211000901713,0.5279783393501805,0.5300655179859785,0.005360876105484095,130
2.174795468648275,0.10911362681147509,0.01978754997253418,0.008163787132201866,0.9,0.1,3,1,0.9,"{'colsample_bytree': 0.9, 'learning_rate': 0.1, 'max_depth': 3, 'min_child_weight': 1, 'subsample': 0.9}",0.5202885482416592,0.5374211000901713,0.526173285198556,0.5279609778434621,0.007107646912773026,142
2.1277448336283364,0.15444274411980385,0.013534943262736002,0.0014162848449420177,0.9,0.1,3,3,0.7,"{'colsample_bytree': 0.9, 'learning_rate': 0.1, 'max_depth': 3, 'min_child_weight': 3, 'subsample': 0.7}",0.5193868349864743,0.5238954012623985,0.5225631768953068,0.5219484710480599,0.0018912412018001988,192
2.1043218771616616,0.10950755166651757,0.017175912857055664,0.0017118804741208323,0.9,0.1,3,3,0.8,"{'colsample_bytree': 0.9, 'learning_rate': 0.1, 'max_depth': 3, 'min_child_weight': 3, 'subsample': 0.8}",0.5302073940486925,0.5329125338142471,0.5144404332129964,0.5258534536919787,0.008145437276088907,162
2.065092404683431,0.057071498048736055,0.015796899795532227,0.003040688682093028,0.9,0.1,3,3,0.9,"{'colsample_bytree': 0.9, 'learning_rate': 0.1, 'max_depth': 3, 'min_child_weight': 3, 'subsample': 0.9}",0.5238954012623985,0.5329125338142471,0.5225631768953068,0.5264570373239841,0.004597012192204552,156
2.0795059204101562,0.05267205718686949,0.013529221216837565,0.0005205188262993749,0.9,0.1,3,5,0.7,"{'colsample_bytree': 0.9, 'learning_rate': 0.1, 'max_depth': 3, 'min_child_weight': 5, 'subsample': 0.7}",0.5247971145175834,0.5175834084761046,0.5108303249097473,0.5177369493011451,0.0057029515209877524,211
2.0766669114430747,0.18240637403150337,0.013070027033487955,0.0022091439981988936,0.9,0.1,3,5,0.8,"{'colsample_bytree': 0.9, 'learning_rate': 0.1, 'max_depth': 3, 'min_child_weight': 5, 'subsample': 0.8}",0.5347159603246168,0.5401262398557258,0.51985559566787,0.5315659319494043,0.00856997716920906,121
1.9250187873840332,0.20777686048008343,0.01762811342875163,0.002328670493952038,0.9,0.1,3,5,0.9,"{'colsample_bytree': 0.9, 'learning_rate': 0.1, 'max_depth': 3, 'min_child_weight': 5, 'subsample': 0.9}",0.5284039675383229,0.5266005410279531,0.5234657039711191,0.5261567375124651,0.002040315814616711,158
3.085527499516805,0.10699834313725555,0.01828908920288086,0.0010730921931069507,0.9,0.1,4,1,0.7,"{'colsample_bytree': 0.9, 'learning_rate': 0.1, 'max_depth': 4, 'min_child_weight': 1, 'subsample': 0.7}",0.5067628494138864,0.5184851217312895,0.4954873646209386,0.5069117785887048,0.009389385601163593,242
2.8112594286600747,0.2230991987693847,0.019703070322672527,0.0011306868888769138,0.9,0.1,4,1,0.8,"{'colsample_bytree': 0.9, 'learning_rate': 0.1, 'max_depth': 4, 'min_child_weight': 1, 'subsample': 0.8}",0.5121731289449954,0.5266005410279531,0.51985559566787,0.5195430885469395,0.005894110075792727,206
2.5978188514709473,0.2346016151631607,0.0253908634185791,0.011215611460639634,0.9,0.1,4,1,0.9,"{'colsample_bytree': 0.9, 'learning_rate': 0.1, 'max_depth': 4, 'min_child_weight': 1, 'subsample': 0.9}",0.5193868349864743,0.5419296663660956,0.5189530685920578,0.5267565233148759,0.010730493646948839,153
2.6944934527079263,0.19229545061737993,0.01789244016011556,0.0006502088711845431,0.9,0.1,4,3,0.7,"{'colsample_bytree': 0.9, 'learning_rate': 0.1, 'max_depth': 4, 'min_child_weight': 3, 'subsample': 0.7}",0.527502254283138,0.5247971145175834,0.5072202166064982,0.5198398618024065,0.008991515591221003,204
2.693133274714152,0.14709991276591064,0.031363884607950844,0.01049670649772527,0.9,0.1,4,3,0.8,"{'colsample_bytree': 0.9, 'learning_rate': 0.1, 'max_depth': 4, 'min_child_weight': 3, 'subsample': 0.8}",0.5076645626690712,0.5293056807935077,0.5117328519855595,0.5162343651493795,0.00939085420296388,220
2.715827226638794,0.09347241897897907,0.023874282836914062,0.0059318685965860235,0.9,0.1,4,3,0.9,"{'colsample_bytree': 0.9, 'learning_rate': 0.1, 'max_depth': 4, 'min_child_weight': 3, 'subsample': 0.9}",0.521190261496844,0.527502254283138,0.5207581227436823,0.5231502128412214,0.0030824107999654644,186
2.8503812154134116,0.241389435628781,0.019652525583902996,0.0018542536265835788,0.9,0.1,4,5,0.7,"{'colsample_bytree': 0.9, 'learning_rate': 0.1, 'max_depth': 4, 'min_child_weight': 5, 'subsample': 0.7}",0.5220919747520288,0.5139765554553652,0.516245487364621,0.5174380058573383,0.003418731037170536,213
2.6961019039154053,0.05160545057935006,0.022731224695841473,0.0033575234717456454,0.9,0.1,4,5,0.8,"{'colsample_bytree': 0.9, 'learning_rate': 0.1, 'max_depth': 4, 'min_child_weight': 5, 'subsample': 0.8}",0.5103697024346258,0.5266005410279531,0.5081227436823105,0.5150309957149631,0.008232172251625432,228
2.5830318133036294,0.23083453382205996,0.0183871587117513,0.0008808114107458242,0.9,0.1,4,5,0.9,"{'colsample_bytree': 0.9, 'learning_rate': 0.1, 'max_depth': 4, 'min_child_weight': 5, 'subsample': 0.9}",0.5175834084761046,0.5302073940486925,0.526173285198556,0.5246546959077844,0.005264398541762182,171
3.422474463780721,0.25486285976374884,0.022333621978759766,0.0007996864802069681,0.9,0.1,5,1,0.7,"{'colsample_bytree': 0.9, 'learning_rate': 0.1, 'max_depth': 5, 'min_child_weight': 1, 'subsample': 0.7}",0.5022542831379622,0.5202885482416592,0.5,0.5075142771265404,0.009079535597831803,241
3.6071126461029053,0.19734057695223092,0.022048393885294598,0.00149348793438453,0.9,0.1,5,1,0.8,"{'colsample_bytree': 0.9, 'learning_rate': 0.1, 'max_depth': 5, 'min_child_weight': 1, 'subsample': 0.8}",0.5004508566275925,0.5284039675383229,0.5090252707581228,0.5126266983080128,0.011692499381932226,234
3.615107218424479,0.11030222381695849,0.02625115712483724,0.003002905216668287,0.9,0.1,5,1,0.9,"{'colsample_bytree': 0.9, 'learning_rate': 0.1, 'max_depth': 5, 'min_child_weight': 1, 'subsample': 0.9}",0.5130748422001803,0.5266005410279531,0.5072202166064982,0.5156318666115438,0.008115952359415044,224
3.4193451404571533,0.38092900303010213,0.024820725123087566,0.003277360934736977,0.9,0.1,5,3,0.7,"{'colsample_bytree': 0.9, 'learning_rate': 0.1, 'max_depth': 5, 'min_child_weight': 3, 'subsample': 0.7}",0.5139765554553652,0.5193868349864743,0.5117328519855595,0.515032080809133,0.0032126276134350545,227
3.4274207750956216,0.3309531426955588,0.02636440594991048,0.0054838331306000425,0.9,0.1,5,3,0.8,"{'colsample_bytree': 0.9, 'learning_rate': 0.1, 'max_depth': 5, 'min_child_weight': 3, 'subsample': 0.8}",0.5094679891794409,0.521190261496844,0.4972924187725632,0.5093168898162826,0.009756838455899376,240
3.4646619955698648,0.10807104723952651,0.025215705235799152,0.0015244801429863393,0.9,0.1,5,3,0.9,"{'colsample_bytree': 0.9, 'learning_rate': 0.1, 'max_depth': 5, 'min_child_weight': 3, 'subsample': 0.9}",0.5166816952209198,0.5247971145175834,0.5108303249097473,0.5174363782160835,0.0057268352403272525,215
3.543754975001017,0.29735802533336736,0.023988087972005207,0.0019299500442777004,0.9,0.1,5,5,0.7,"{'colsample_bytree': 0.9, 'learning_rate': 0.1, 'max_depth': 5, 'min_child_weight': 5, 'subsample': 0.7}",0.5112714156898106,0.5256988277727682,0.5027075812274369,0.5132259415633386,0.009487341846543757,233
3.2659851710001626,0.421212096869531,0.013190269470214844,0.0020881735872583943,0.9,0.1,5,5,0.8,"{'colsample_bytree': 0.9, 'learning_rate': 0.1, 'max_depth': 5, 'min_child_weight': 5, 'subsample': 0.8}",0.5076645626690712,0.5247971145175834,0.5036101083032491,0.5120239284966346,0.009182423822914973,236
2.5959617296854653,0.30087516198775377,0.01034871737162272,0.0026472780945966316,0.9,0.1,5,5,0.9,"{'colsample_bytree': 0.9, 'learning_rate': 0.1, 'max_depth': 5, 'min_child_weight': 5, 'subsample': 0.9}",0.5130748422001803,0.5356176735798016,0.5189530685920578,0.5225485281240132,0.00954778538325186,188
